id;inventories_type;inventories_date;inventories_status;general_observation
1;SORTIE;2021-05-24;Nevada withdrawal bandwidth;Health eyeballs cross-platform
2;SORTIE;2021-05-24;Maine Berkshire neural;Balanced Rustic Wooden Hat
3;ENTRE;2021-05-24;Coordinator front-end;5th generation sensor synthesize
4;SORTIE;2021-05-24;Central;Awesome programming
5;SORTIE;2021-05-24;transparent synthesizing;infomediaries Libyan Dinar
6;ENTRE;2021-05-24;Rhode Island protocol;e-markets
7;SORTIE;2021-05-25;haptic Baby Chair;navigating Rustic
8;ENTRE;2021-05-24;implement time-frame Finland;Consultant
9;SORTIE;2021-05-24;Tasty Wooden Chicken deposit Manat;Practical ADP neural
10;ENTRE;2021-05-25;functionalities COM SMTP;New Hampshire
